{"Version":2,"SourceFileDate":132648193933054769,"Flags":["FL_BITMAP_COMPRESSION","FL_BITMAP_MIPMAP","FL_BITMAP_QUALITY_HIGH","FL_BITMAP_PRECOMPUTED_INV_AVG"],"InvAvgColor":[1.8173258304595947,2.3383572101593018,21.287757873535156]}