{"Version":2,"SourceFileDate":132648193696180856,"Flags":["FL_BITMAP_COMPRESSION","FL_BITMAP_MIPMAP","FL_BITMAP_QUALITY_HIGH","FL_BITMAP_PRECOMPUTED_INV_AVG"],"InvAvgColor":[1.783217191696167,2.2947757244110107,20.986297607421875]}