{"Version":2,"SourceFileDate":132648193510080977,"Flags":["FL_BITMAP_COMPRESSION","FL_BITMAP_MIPMAP","FL_BITMAP_QUALITY_HIGH","FL_BITMAP_PRECOMPUTED_INV_AVG"],"InvAvgColor":[1.7216033935546875,2.2160334587097168,20.436817169189453]}