{"Version":2,"SourceFileDate":132648193603343410,"Flags":["FL_BITMAP_COMPRESSION","FL_BITMAP_MIPMAP","FL_BITMAP_QUALITY_HIGH","FL_BITMAP_PRECOMPUTED_INV_AVG"],"InvAvgColor":[1.7851451635360718,2.2972521781921387,21.004770278930664]}