{"Version":2,"SourceFileDate":132555102157581738,"Flags":["FL_BITMAP_COMPRESSION","FL_BITMAP_MIPMAP","FL_BITMAP_QUALITY_HIGH","FL_BITMAP_PRECOMPUTED_INV_AVG"],"InvAvgColor":[1.5075684785842896,1.8510359525680542,1.8510359525680542],"HasTransp":true}