{"Version":2,"SourceFileDate":132499459663019930,"Flags":["FL_BITMAP_COMPRESSION","FL_BITMAP_MIPMAP","FL_BITMAP_QUALITY_HIGH","FL_BITMAP_PRECOMPUTED_INV_AVG"],"InvAvgColor":[1.1808139085769653,1.1808139085769653,1.1808139085769653],"HasTransp":true}