{"Version":2,"SourceFileDate":132648099743766776,"Flags":["FL_BITMAP_COMPRESSION","FL_BITMAP_MIPMAP","FL_BITMAP_QUALITY_HIGH","FL_BITMAP_PRECOMPUTED_INV_AVG"],"InvAvgColor":[2.5586333274841309,12.699670791625977,14.096537590026855]}